{
  "camera": {
    "transform": {
      "rotate": {
        "x": 0.35065534710884094,
        "y": 10.038084983825684,
        "z": 0.0
      },
      "scale": {
        "x": 1.0,
        "y": 1.0,
        "z": 1.0
      },
      "translate": {
        "x": 12.757533073425293,
        "y": 1.6090339422225952,
        "z": -9.957447052001953
      }
    }
  },
  "player": {
    "transform": {
      "rotate": {
        "x": 0.0,
        "y": 10.038084983825684,
        "z": 0.0
      },
      "scale": {
        "x": 1.0,
        "y": 1.0,
        "z": 1.0
      },
      "translate": {
        "x": 12.80744457244873,
        "y": -0.009999999776482582,
        "z": -9.880345344543457
      }
    }
  },
  "progress": {
    "currentStageName": "FirstStage",
    "isGameClear": true,
    "isKeyHave": true,
    "isLightHave": true
  },
  "saveDateTime": {
    "saveDateTime": "2026/04/09\n23:35:43"
  }
}