{
  "camera": {
    "rotateSpeed": 0.019999999552965164,
    "transform": {
      "rotate": {
        "x": 0.20761463046073914,
        "y": 1.7649352550506592,
        "z": 0.0
      },
      "scale": {
        "x": 1.0,
        "y": 1.0,
        "z": 1.0
      },
      "translate": {
        "x": 8.77735710144043,
        "y": 1.5694003105163574,
        "z": -10.164718627929688
      }
    }
  },
  "player": {
    "transform": {
      "rotate": {
        "x": 0.0,
        "y": 1.7649352550506592,
        "z": 0.0
      },
      "scale": {
        "x": 1.0,
        "y": 1.0,
        "z": 1.0
      },
      "translate": {
        "x": 8.803982734680176,
        "y": -0.016333334147930145,
        "z": -10.166459083557129
      }
    }
  },
  "progress": {
    "currentStageName": "FirstStage",
    "isGameClear": true,
    "isKeyHave": true,
    "isLightHave": false
  }
}