{
  "playerParameters": {
    "rotateYSpeed": 0.25,
    "sneakSpeed": 0.014999999664723873,
    "walkSpeed": 0.09600000083446503
  }
}